videoId,positive_comments,negative_comments,neutral_comments
CmMOJTs7Pu8,630,106,364
NWDYj_jwQDE,77,22,624
oUF6sYUJWK4,397,58,645
rGI-COM0Qyo,68,13,340
t9Y8xKKIKUc,36,4,71
Hw7iB-zkYrk,18,2,1080
QgFd_w2n1es,542,153,280
EqwOOUm8gKc,125,9,523
N3bd7Csaz-Y,46,6,221
x3EF4aO8DY0,313,80,159
mtbzALOrJhA,465,130,505
KJ8SR1PjTrQ,33,19,184
a-eO9y1vN2M,47,18,707
Bqx2zWc4xHs,431,162,507
0u9sCytOegA,38,4,1058
O2HDCerISTc,246,49,228
BweKixqFW_Y,56,11,532
muZ9EJqb-7w,11,0,1089
PP1_4wek4nI,650,104,346
wvyZNzKP3T8,34,5,1061
8V26jn0U-i4,118,18,521
kuaWMsSbnaI,33,41,452
Q21tYxUVH1U,38,22,299
TXSInNThqy8,3,0,298
4W-oGMTX7H8,19,11,440
YWrGZDG2l-I,183,21,535
KJ8bvYnF3xU,356,125,429
PG3ZfOw1-b4,374,90,500
S-dOB326mlY,542,140,418
jJeQYsYp4dk,20,5,644
hD2BYNIh3X4,262,59,154
WJvYP93pWiE,9,3,226
_MUTS7xvKhQ,486,153,359
x4wxvZ9Oa_c,31,8,131
h_ZbB_fbR7c,452,74,355
vmQOxs17Fn4,519,133,292
BUBYO591Fo8,328,107,242
_sbtLSKBf1c,26,6,438
-AYeMHVGpL4,1,0,208
ALqgW7Zam7g,491,155,252
lI2V_xu7xww,126,37,607
NosrYKTkEDg,15,3,88
WXdfpXbxotE,3,0,96
i9-V3Wi-4C4,23,9,304
NBLRFe2BnjE,57,21,408
aMrhEQMvr2Y,35,37,305
w_G3sFCfC7M,193,66,112
p8GdpjsGmfg,33,5,840
MVsS38cNdpY,11,3,372
fWftQFzThyM,3,1,699
aAFNfp7FTc8,3,0,315
zW__u6blbEQ,252,73,235
HswGVfq58xo,14,5,579
Um9zZWrKoAI,0,3,408
YqeRrUStXCg,50,10,228
017ABj3hYG4,439,102,232
1h2aBZQesSQ,315,74,185
LgBQus_k9go,36,9,96
wnU5FDeH0yw,259,73,165
Qy-A-CsTzbI,51,6,135
IBksWHm-Wfg,52,14,362
1FiUi3LcxZ4,418,117,262
rvrYVIQSsJs,602,153,345
1ndmrB5mpiU,332,80,201
odzgkybSw80,328,61,190
6i4fpqV03K0,77,20,259
MjVrI8jKKXA,12,9,159
Ep3H5MIVOtc,29,5,48
Dcs22Nn-Oxk,5,1,395
0KwQ_cd7RFQ,31,13,237
tTxZZ48FG4s,237,66,130
9yRtud3CUdU,157,37,102
eVkO-vbcKOs,13,2,42
Lgkft-CcLC0,57,31,467
tEvXVJHTQAk,105,25,63
k0iE1nGhPQI,2,0,180
3g_DveYbxJE,37,1,68
_LRR0gy7Z6c,10,1,543
ubVFa_jPhVw,21,10,129
lIQ7p3k9E1s,326,65,422
b68GNK4a0Hg,109,31,82
Fbqm5qYOX8I,0,0,60
QSOo1VZYJKA,22,6,210
O87r3FQH5j0,32,38,490
cMZ-bvu0Rss,21,3,149
kNNfdHQgae0,2,0,208
AlfwEmTnGMY,49,6,165
0b4yboIGqYg,54,2,85
dNXTyqOhNaE,81,6,325
GHx3NJPE_RA,92,43,91
mJqk2SMJmXc,283,65,151
816Kh1vBYZ4,131,34,178
VzXzxBcoPDU,32,15,131
LVa23uaeKQE,30,8,103
szkye7j0RvI,3,0,262
780HBTxh2KM,17,7,113
7zJ4qiwR-3c,54,18,838
_XI1zWg_9iU,5,4,55
gFLf1Cbckl4,210,56,116
muSoPp5Lir8,25,13,128
LVDZz36R_3g,35,15,507
vhyxSGCFk84,196,68,130
iIyabfjrFaU,46,4,186
ioAYMkGVvMc,38,11,52
VyYt7c07Qt4,8,3,190
xbrFtnSE72E,103,30,65
MoGjfvQtOBs,41,6,476
Y-gAMO9S06M,1,2,137
DmdumBWwgaM,101,17,78
bxKSZgYMZ5s,234,45,130
gdx7NKqKJTA,204,23,454
urMipgKoWe0,37,8,92
Kq_FyjcAULA,139,23,56
_PHmgqX_gSE,235,76,148
KC3GOHlPtjY,2,1,145
ahReEQ-c7y8,131,40,110
lLPtN3ck75M,2,0,189
XIWANvgXtvI,37,11,127
53xBuFfz6H8,221,62,160
pRlhDrNWiWU,2,0,131
RPgWJ8KGm3w,59,7,108
yrFUNVhkQpw,15,4,180
iC3j9YwgfbQ,20,9,321
baH7n6oLkw4,177,62,116
RT8B1zlsAc0,127,30,81
P4f-JmUAP2g,164,36,285
2CmLHQkppWc,34,9,106
KFJHcy5RsbY,26,7,96
bOoqJ9m_dP8,1,0,60
PiMGtzWS4bM,7,2,455
lkeHuinMCms,46,2,135
OCwmtt2BunE,79,22,77
-QiHOFZz_Uk,13,7,273
gbB3mAtvyEw,134,42,118
vOmf7SZb4qo,10,5,216
bQns2E1uA2E,16,4,96
zbodtYyQdVo,33,5,88
bZAdIABKw4s,128,58,120
Brjep0RFVH4,1,0,75
-WAZ_AX-AtU,0,0,57
WLl-hfOW7GQ,44,6,173
LRmGmrSvYJw,94,8,123
S3rd442UeWE,521,166,260
p4mFzkrOkrw,18,4,216
eQNcvwwrrXY,0,0,178
TtxFDKreZT0,21,6,223
PTwKCmJg2nE,45,23,476
iBzfVjz0gOM,19,7,206
_42elYp8z18,116,44,64
qYLpYhErWnA,1,0,151
TQIBjGOou8U,87,35,125
Zp3uyjO0CA4,126,22,68
SyTgs9BurZA,13,0,113
WUQTzRDHpqg,1,0,140
bVEf5178O4Q,34,8,69
RYZuagiyW_w,282,41,105
Muju78lvNdc,14,0,81
gmKtxsT6qug,0,0,87
1J3UA0_o68s,1,0,104
evlUY6XiKPw,2,0,341
b8-BaKsTrls,1,0,65
nnQSaIKkQuI,35,12,47
mFhOyf3ve_U,135,40,104
GZyXtb_rtc4,11,2,126
NM5GHAJiuAc,109,23,57
GU-vZc20fuU,41,17,189
tX2_EJbeVQU,7,8,223
yotjj39TVHk,17,2,257
R-80gmlRDKs,17,4,65
xNvbwjJ7Ilc,34,6,85
wLQDqx5Puvs,1,0,97
NIUDhUKTZbQ,10,1,79
fIL-niI-VZU,15,7,77
S5r1cvQwFD0,78,34,52
TyesYbkLKl4,79,9,222
IWK_ELYa5hA,24,2,167
uH6A7i4hVYA,8,4,100
sY9QOakKzJA,14,8,228
ke8OyaS9LAw,30,12,202
aK3CLN2UOog,23,10,258
WcFK5pvzTlA,0,1,114
xvXwGczvbyM,2,0,88
hUrl0PRIg1w,214,32,127
96Ri6EjRALI,1,0,146
z3hg9LIpSvI,6,4,241
V91NS1JGq5w,40,5,131
hiPFY4MLKPY,49,5,130
1cSwVcv9InA,17,7,44
VVtQfsXLnSA,148,57,110
j6rJzeVXAXY,1,0,79
8XVqgobLIps,25,5,169
pJsGb-wOxL4,30,6,128
SndWxRaMzxA,91,15,42
zbESrIq2fSE,34,6,103
1eGS2ynjdYA,9,3,135
P01WSeJod3M,11,4,147
SSAN_o4r5nE,29,14,295
L_S-E_g910w,14,2,45
kj5dCj1W4V0,33,4,135
r3Bvji8SdKc,27,12,166
VdwTfi3Jv4o,39,5,68
2lIi4xL6NxY,15,0,54
L2d938lHhyM,28,12,125
cQRaokSO_j0,121,12,193
vfCLGZMLY9Y,0,0,80
wG_v20mQGGE,96,30,75
5bHUsFvLls8,182,44,128
hLIuWo0hX8s,25,1,101
RSQP7SNHmr8,0,0,62
mGPkEzHVDo4,1,0,98
ldkuFSg2GgI,25,1,81
2PrS1bgCq_A,76,14,138
pFuP-FVLtgo,0,0,61
fCpJWoMM8PU,28,4,116
uCl62JM9XTw,23,2,144
zEI8srbUq_4,23,14,224
YqLueJ0hDV8,13,3,66
S2mzgigH_v8,12,6,76
t6iCVNpRMPQ,18,4,82
eGot6yKIIBs,10,2,42
s3nmVu8bUxE,94,17,50
HYufbE_b6sQ,1,0,94
a7YUCNTe_Y4,19,3,646
JXryWofZL4I,52,16,29
8JQm2cbQaj8,0,0,144
90U6nMm0m_I,18,0,83
9HLk38y7h0M,60,17,26
4wW5sEA3M5Q,23,3,147
L7EU76WsaBQ,26,3,111
PlNjLu10wVY,3,0,210
6cIP-iO8kNo,18,2,123
RyykXaWSobs,39,5,86
HzNqaexeNis,179,31,127
rzAJZud-QOo,118,34,65
gJfFWnHqPMs,25,2,86
mL6oYUp1Zsc,11,3,205
_VQbiJewUrQ,71,16,53
2_ZYWJJntjU,54,20,53
NT5Y2p0l6CY,185,39,214
YkYtUCUEsR8,12,6,59
8dfl22rNxxM,13,4,47
IFc6YrqGp54,80,24,39
tl6jfTWCEa0,23,2,81
kCQ9WHnE89c,1,0,135
BvcovPltk1o,2,0,158
b4qofQucnqg,9,4,106
QQtfirO7zNg,10,0,56
rUux4MQQl0o,4,1,80
VPjhz9Ho6DQ,21,2,105
pGvBZ4i2JEE,84,33,88
mBLPHjrTDXw,31,21,208
QD5oDJ_Z_to,5,1,125
U4CbM2BxRq0,0,1,99
oG3ZzLPaQDs,42,9,15
9zViaGQcSM0,0,1,76
PwLHVKo2POo,0,0,71
j8U8wPe0nII,28,4,127
3xYcXiYyOgI,20,6,140
p2-DXFfF9Ig,12,0,69
WV6h345sJ_8,1,0,56
UlXJuwoYazU,12,22,127
c2DU_41L284,68,11,40
IeXQjRIRhaE,13,9,112
m8A061AIbUU,18,4,130
2lear60rZRo,23,3,89
VQ0HPc-WRw4,3,0,80
DkyAFpNx644,72,13,58
mw4tVy78uqM,1,0,58
0RcjLaK9o_k,1,0,83
UGWRVjFPT_8,62,13,120
ntS_06IRoLY,59,8,27
KaH9Ca3oL0s,10,1,50
YPgDpp8jG7g,73,25,53
JAlssw9epI0,31,10,42
4qUBYoAMC68,6,0,72
9znxvyojSPQ,7,6,59
NVbTcuGMe2I,21,2,104
7jYlNg049JI,21,3,71
FYCdYVb8gBE,17,5,30
zRMETdfmzB0,58,11,33
4zifHx5bNEU,32,12,29
esXDdp888q4,3,0,109
bLzpFd2DvQ0,18,6,42
x_0Vg0vNLsk,16,8,137
_o9xbsBJBqk,18,12,134
e0S9mi44gwk,24,5,52
RY68drLdHlA,24,0,59
GBGhylNL92E,110,10,32
t46QFSlNvag,14,4,78
zirGHgNpzmc,83,14,38
iQqCkoMqx28,8,0,63
CkkAQ1WPepg,71,21,62
RMf9BO3S1tw,7,5,86
DyBQPcglePo,105,16,31
lmuP7KWfHwY,0,0,73
UOg60V3YCBY,83,15,100
dWkNc7j-EzM,15,9,112
HOFkdSHSnUc,50,3,104
fZH67YGR-7c,35,8,16
oA7EidmgXF8,56,17,37
gzauIJKu9Dw,11,4,37
TBKVPwfc29o,22,4,33
XGB3gRIlG0M,10,2,53
3vkGn0L8gEI,13,2,315
PZfWkspbthY,6,4,51
ijz7KMv4BX4,8,4,85
Bq2uWIX1ajE,81,7,25
VoL1H7U-QUY,10,2,91
a6ihIzD7nyg,134,26,74
KH6_-GHDmqc,81,27,56
O_7dw0SpMdU,8,2,45
JnW_aOB_3fs,22,2,74
uuMepdE0wAQ,1,1,69
CKeLB4CayWM,58,4,43
I77YkKbLqMw,1,0,58
hBsb2clCwnY,30,9,53
txW9DgIxHo4,11,9,60
v2N_slwNqxU,39,10,19
J9rt7gR9btg,84,11,62
UMZItNod5lk,60,14,45
